Muscle Group;Exercise ;Equipment Required ;Force Type ;Experience Level ;Link
Tricep;Straight Bar Tricep Extension;Cable ;Push ;Beginner;https://www.muscleandstrength.com/exercises/tricep-extension.html?_gl=1*1ulm633*_up*MQ..*_ga*MTAyODc0MjI1MC4xNzYzNDU5MTM0*_ga_EHWPJCEX93*czE3NjM0NTkxMzMkbzEkZzEkdDE3NjM0NTk2ODIkajYwJGwwJGgw
Tricep;Seated Dumbbell Tricep Extension;Dumbbell;Push ;Beginner;https://www.muscleandstrength.com/exercises/two-arm-dumbbell-extension.html?_gl=1*shz201*_up*MQ..*_ga*MTAyODc0MjI1MC4xNzYzNDU5MTM0*_ga_EHWPJCEX93*czE3NjM0NTkxMzMkbzEkZzEkdDE3NjM0NTk2ODIkajYwJGwwJGgw
Tricep;Rope Tricep Extension;Cable ;Push ;Beginner;https://www.muscleandstrength.com/exercises/rope-tricep-extension.html?_gl=1*shz201*_up*MQ..*_ga*MTAyODc0MjI1MC4xNzYzNDU5MTM0*_ga_EHWPJCEX93*czE3NjM0NTkxMzMkbzEkZzEkdDE3NjM0NTk2ODIkajYwJGwwJGgw
Tricep;EZ-Bar Skullcrusher ;EZ Bar;Push ;Beginner;https://www.muscleandstrength.com/exercises/ez-bar-skullcrusher.html?_gl=1*1o4f9u*_up*MQ..*_ga*MTAyODc0MjI1MC4xNzYzNDU5MTM0*_ga_EHWPJCEX93*czE3NjM0NTkxMzMkbzEkZzEkdDE3NjM0NTk2ODIkajYwJGwwJGgw
Tricep;Tricep Dip ;Bodyweight ;Push ;Beginner;https://www.muscleandstrength.com/exercises/tricep-dip.html?_gl=1*145n2t8*_up*MQ..*_ga*MTAyODc0MjI1MC4xNzYzNDU5MTM0*_ga_EHWPJCEX93*czE3NjM0NTkxMzMkbzEkZzEkdDE3NjM0NTk2ODIkajYwJGwwJGgw
Tricep;Bent Over Dumbbell Kickback;Dumbbell ;Push ;Beginner;https://www.muscleandstrength.com/exercises/bent-over-dumbbell-kickback.html?_gl=1*1b2zgsi*_up*MQ..*_ga*MTAyODc0MjI1MC4xNzYzNDU5MTM0*_ga_EHWPJCEX93*czE3NjM0NTkxMzMkbzEkZzEkdDE3NjM0NTk2ODIkajYwJGwwJGgw
Tricep;Reverse Grip Cable Tricep Extension;Cable ;Push ;Beginner ;https://www.muscleandstrength.com/exercises/reverse-grip-tricep-extension.html?_gl=1*hhuics*_up*MQ..*_ga*MTAyODc0MjI1MC4xNzYzNDU5MTM0*_ga_EHWPJCEX93*czE3NjM0NTkxMzMkbzEkZzEkdDE3NjM0NTk2ODIkajYwJGwwJGgw
Tricep;High Pulley Overhead Tricep Extension;Cable ;Push ;Beginner ;https://www.muscleandstrength.com/exercises/overhead-tricep-extension.html?_gl=1*1wf5yiz*_up*MQ..*_ga*MTAyODc0MjI1MC4xNzYzNDU5MTM0*_ga_EHWPJCEX93*czE3NjM0NTkxMzMkbzEkZzEkdDE3NjM0NTk2ODIkajYwJGwwJGgw
Chest;Dumbbell Bench Press ;Dumbbell;Push ;Beginner ;https://www.muscleandstrength.com/exercises/chest?_gl=1*p4xv6y*_up*MQ..*_ga*MTAyODc0MjI1MC4xNzYzNDU5MTM0*_ga_EHWPJCEX93*czE3NjM0NTkxMzMkbzEkZzEkdDE3NjM0NTkyNjMkajYwJGwwJGgw
Chest;Incline Dumbbell Press ;Dumbbell;Push ;Beginner ;https://www.muscleandstrength.com/exercises/incline-dumbbell-bench-press.html?_gl=1*neinei*_up*MQ..*_ga*MTAyODc0MjI1MC4xNzYzNDU5MTM0*_ga_EHWPJCEX93*czE3NjM0NTkxMzMkbzEkZzEkdDE3NjM0NjA2ODkkajYwJGwwJGgw
Chest;Barbell Bench Press;Barbelle ;Push ;Intermediate ;https://www.muscleandstrength.com/exercises/barbell-bench-press.html?_gl=1*neinei*_up*MQ..*_ga*MTAyODc0MjI1MC4xNzYzNDU5MTM0*_ga_EHWPJCEX93*czE3NjM0NTkxMzMkbzEkZzEkdDE3NjM0NjA2ODkkajYwJGwwJGgw
Chest;Pec Deck ;Machine ;Push ;Beginner ;https://www.muscleandstrength.com/exercises/pec-dec.html?_gl=1*z2p82*_up*MQ..*_ga*MTAyODc0MjI1MC4xNzYzNDU5MTM0*_ga_EHWPJCEX93*czE3NjM0NTkxMzMkbzEkZzEkdDE3NjM0NjA2ODkkajYwJGwwJGgw
Chest;Standing Cable Fly ;Machine ;Push ;Beginner ;https://www.muscleandstrength.com/exercises/cable-crossovers-%28mid-chest%29.html?_gl=1*15eo4nw*_up*MQ..*_ga*MTAyODc0MjI1MC4xNzYzNDU5MTM0*_ga_EHWPJCEX93*czE3NjM0NTkxMzMkbzEkZzEkdDE3NjM0NjA2ODkkajYwJGwwJGgw
Chest;Cable Iron Cross;Machine ;Push ;Beginner ;https://www.muscleandstrength.com/exercises/cable-crossovers.html?_gl=1*15eo4nw*_up*MQ..*_ga*MTAyODc0MjI1MC4xNzYzNDU5MTM0*_ga_EHWPJCEX93*czE3NjM0NTkxMzMkbzEkZzEkdDE3NjM0NjA2ODkkajYwJGwwJGgw
Chest;Close Grip Dumbbell Press;Dumbbell;Push ;Intermediate ;https://www.muscleandstrength.com/exercises/close-grip-dumbbell-press.html?_gl=1*1w4sdnz*_up*MQ..*_ga*MTAyODc0MjI1MC4xNzYzNDU5MTM0*_ga_EHWPJCEX93*czE3NjM0NTkxMzMkbzEkZzEkdDE3NjM0NjA2ODkkajYwJGwwJGgw
Bicep;Standing Dumbbell Curl;Dumbbell;Pull;Beginner;https://www.muscleandstrength.com/exercises/standing-dumbbell-curl.html?_gl=1*13ju3o3*_up*MQ..*_ga*MTU4ODc1OTUyNy4xNzYzNDYwNTgw*_ga_EHWPJCEX93*czE3NjM0NjA1ODAkbzEkZzEkdDE3NjM0NjA2MDEkajM5JGwwJGgw
Bicep;Standing Hammer Curl;Dumbbell;Pull;Beginner;https://www.muscleandstrength.com/exercises/standing-hammer-curl.html?_gl=1*l8vvzv*_up*MQ..*_ga*MTU4ODc1OTUyNy4xNzYzNDYwNTgw*_ga_EHWPJCEX93*czE3NjM0NjA1ODAkbzEkZzEkdDE3NjM0NjA3MzYkajYwJGwwJGgw
Bicep;Incline Dumbbell Curl;Dumbbell;Pull ;Beginner;https://www.muscleandstrength.com/exercises/incline-dumbbell-curl.html?_gl=1*1xj3ep*_up*MQ..*_ga*MTYxNTcyMTMxLjE3NjM0NjA4MDU.*_ga_EHWPJCEX93*czE3NjM0NjA4MDUkbzEkZzAkdDE3NjM0NjA4MDUkajYwJGwwJGgw
Bicep;Cable Curl;Cable;Pull;Beginner;https://www.muscleandstrength.com/exercises/cable-curl.html?_gl=1*1y0yt7o*_up*MQ..*_ga*MTIyMzg2NTA2Mi4xNzYzNDYwODM1*_ga_EHWPJCEX93*czE3NjM0NjA4MzUkbzEkZzAkdDE3NjM0NjA4MzUkajYwJGwwJGgw
Bicep;EZ Bar Curl;EZ Bar;Pull;Beginner;https://www.muscleandstrength.com/exercises/ez-bar-curl.html?_gl=1*1nkf9rs*_up*MQ..*_ga*MTkyNDA0ODg1Mi4xNzYzNDYwODcz*_ga_EHWPJCEX93*czE3NjM0NjA4NzMkbzEkZzAkdDE3NjM0NjA4NzMkajYwJGwwJGgw
Bicep;Standing High Pulley Cable Curl;Cable;Pull;Intermediate;https://www.muscleandstrength.com/exercises/standing-high-pulley-cable-curl.html?_gl=1*1mqvs30*_up*MQ..*_ga*MTEzNDEwNDI5NS4xNzYzNDYwOTE1*_ga_EHWPJCEX93*czE3NjM0NjA5MTUkbzEkZzAkdDE3NjM0NjA5MTUkajYwJGwwJGgw
Bicep;Close Grip EZ Bar Curl;EZ Bar;Pull;Beginner;https://www.muscleandstrength.com/exercises/close-grip-ez-bar-curl.html?_gl=1*32k2jk*_up*MQ..*_ga*MjAyMTA4MzM2MC4xNzYzNDYwOTc0*_ga_EHWPJCEX93*czE3NjM0NjA5NzMkbzEkZzAkdDE3NjM0NjA5NzMkajYwJGwwJGgw
Bicep;Incline Bench Dumbbell Curl;Dumbbell;Pull;Beginner;https://www.muscleandstrength.com/exercises/incline-bench-dumbbell-curl.html?_gl=1*kian94*_up*MQ..*_ga*ODg4OTcwNzA2LjE3NjM0NjEwNDM.*_ga_EHWPJCEX93*czE3NjM0NjEwNDIkbzEkZzAkdDE3NjM0NjEwNDIkajYwJGwwJGgw
Lats;Lat Pull Down ;Cable ;Pull;Beginner ;https://www.muscleandstrength.com/exercises/lat-pull-down.html?_gl=1*uirz14*_up*MQ..*_ga*MTAyODc0MjI1MC4xNzYzNDU5MTM0*_ga_EHWPJCEX93*czE3NjM0NjEwOTIkbzIkZzAkdDE3NjM0NjEwOTIkajYwJGwwJGgw
Lats;Straight Arm Lat Pull Down ;Cable ;Pull ;Beginner ;https://www.muscleandstrength.com/exercises/straight-arm-lat-pull-down.html?_gl=1*1x0n3cm*_up*MQ..*_ga*MTAyODc0MjI1MC4xNzYzNDU5MTM0*_ga_EHWPJCEX93*czE3NjM0NjEwOTIkbzIkZzAkdDE3NjM0NjEwOTIkajYwJGwwJGgw
Lats;Reverse Grip Lat Pull Down ;Cable ;Pull;Beginner ;https://www.muscleandstrength.com/exercises/reverse-grip-lat-pull-down.html?_gl=1*1x0n3cm*_up*MQ..*_ga*MTAyODc0MjI1MC4xNzYzNDU5MTM0*_ga_EHWPJCEX93*czE3NjM0NjEwOTIkbzIkZzAkdDE3NjM0NjEwOTIkajYwJGwwJGgw
Lats;V-Bar Pull Down ;Cable ;Pull;Beginner ;https://www.muscleandstrength.com/exercises/v-bar-pull-down?_gl=1*mzj3qn*_up*MQ..*_ga*MTAyODc0MjI1MC4xNzYzNDU5MTM0*_ga_EHWPJCEX93*czE3NjM0NjEwOTIkbzIkZzAkdDE3NjM0NjEwOTIkajYwJGwwJGgw
Lats;Close Grip Lat Pull Down ;Cable ;Pull;Beginner ;https://www.muscleandstrength.com/exercises/close-grip-pull-down.html?_gl=1*1ihs8ox*_up*MQ..*_ga*MTAyODc0MjI1MC4xNzYzNDU5MTM0*_ga_EHWPJCEX93*czE3NjM0NjEwOTIkbzIkZzAkdDE3NjM0NjEwOTIkajYwJGwwJGgw
Lats;Wide Grip Lat Pull Down;Cable ;Pull;Beginner ;https://www.muscleandstrength.com/exercises/wide-grip-pull-down?_gl=1*19qfb1u*_up*MQ..*_ga*MTAyODc0MjI1MC4xNzYzNDU5MTM0*_ga_EHWPJCEX93*czE3NjM0NjEwOTIkbzIkZzAkdDE3NjM0NjEwOTIkajYwJGwwJGgw
Lats;Pull Up ;Cable ;Pull;Beginner ;https://www.muscleandstrength.com/exercises/pull-up?_gl=1*dzlnvg*_up*MQ..*_ga*MTAyODc0MjI1MC4xNzYzNDU5MTM0*_ga_EHWPJCEX93*czE3NjM0NjEwOTIkbzIkZzAkdDE3NjM0NjEwOTIkajYwJGwwJGgw
Lats;Shotgun Row ;Cable ;Pull;Beginner ;https://www.muscleandstrength.com/exercises/standing-one-arm-cable-row.html?_gl=1*dzlnvg*_up*MQ..*_ga*MTAyODc0MjI1MC4xNzYzNDU5MTM0*_ga_EHWPJCEX93*czE3NjM0NjEwOTIkbzIkZzAkdDE3NjM0NjEwOTIkajYwJGwwJGgw
Lats;Thibaudeau Kayak Row ;Cable ;Pull;Intermediate ;https://www.muscleandstrength.com/exercises/thibaudeau-kayak-row?_gl=1*s7rljo*_up*MQ..*_ga*MTAyODc0MjI1MC4xNzYzNDU5MTM0*_ga_EHWPJCEX93*czE3NjM0NjEwOTIkbzIkZzAkdDE3NjM0NjEwOTIkajYwJGwwJGgw
Upper back ;Bent Over Dumbbell Row;Dumbbell;Pull ;Beginner;https://www.muscleandstrength.com/exercises/bent-over-dumbbell-row.html?_gl=1*17nhzdo*_up*MQ..*_ga*NDIyMzcxNTY4LjE3NjM0NjExOTA.*_ga_EHWPJCEX93*czE3NjM0NjExOTAkbzEkZzEkdDE3NjM0NjEyMDQkajQ2JGwwJGgw
Upper back ;Bent Over Row;Barbell;Pull ;Beginner;https://www.muscleandstrength.com/exercises/bent-over-barbell-row.html?_gl=1*9n543r*_up*MQ..*_ga*NDIyMzcxNTY4LjE3NjM0NjExOTA.*_ga_EHWPJCEX93*czE3NjM0NjExOTAkbzEkZzEkdDE3NjM0NjEyNTIkajYwJGwwJGgw
Upper back ;Seated Cable Row;Cable;Pull ;Beginner;https://www.muscleandstrength.com/exercises/seated-row.html?_gl=1*11855v*_up*MQ..*_ga*NDIyMzcxNTY4LjE3NjM0NjExOTA.*_ga_EHWPJCEX93*czE3NjM0NjExOTAkbzEkZzEkdDE3NjM0NjEyOTMkajYwJGwwJGgw
Upper back ;One-Arm Seated Cable Row;Cable;Pull ;Beginner;https://www.muscleandstrength.com/exercises/one-arm-cable-row.html?_gl=1*ns1dlz*_up*MQ..*_ga*NDIyMzcxNTY4LjE3NjM0NjExOTA.*_ga_EHWPJCEX93*czE3NjM0NjExOTAkbzEkZzEkdDE3NjM0NjEzMjUkajYwJGwwJGgw
Upper back ;Incline Bench Two Arm Dumbbell;Dumbbell;Pull ;Beginner;https://www.muscleandstrength.com/exercises/incline-bench-two-arm-dumbbell-row.html?_gl=1*1q63f95*_up*MQ..*_ga*MTE5MTUyMjU0OS4xNzYzNDYxNDIz*_ga_EHWPJCEX93*czE3NjM0NjE0MjMkbzEkZzAkdDE3NjM0NjE0MjMkajYwJGwwJGgw
Upper back ;Seated High Cable Row ;Cable;Pull ;Beginner;https://www.muscleandstrength.com/exercises/seated-high-cable-row.html?_gl=1*1ytm286*_up*MQ..*_ga*NzcwNzY3NDc0LjE3NjM0NjE0NjE.*_ga_EHWPJCEX93*czE3NjM0NjE0NjEkbzEkZzAkdDE3NjM0NjE0NjEkajYwJGwwJGgw
Lower back ;Dumbbell Deadlift;Dumbbell;Pull;Beginner;https://www.muscleandstrength.com/exercises/dumbbell-deadlift.html?_gl=1*1hsj9vf*_up*MQ..*_ga*MTM5MDI2MjEzMi4xNzYzNDYxNzMz*_ga_EHWPJCEX93*czE3NjM0NjE3MzMkbzEkZzEkdDE3NjM0NjE3NDIkajUxJGwwJGgw
Lower back ;Superman;Bodyweight;Pull;Beginner;https://www.muscleandstrength.com/exercises/superman?_gl=1*1xeeh45*_up*MQ..*_ga*MjAzNTIyNjQyMy4xNzYzNDYzMjE2*_ga_EHWPJCEX93*czE3NjM0NjMyMTUkbzEkZzAkdDE3NjM0NjMyMTUkajYwJGwwJGgw
Lower back ;90/90 Hip Crossover;Bodyweight;Pull;Beginner;https://www.muscleandstrength.com/exercises/90-90-hip-crossover?_gl=1*tngq64*_up*MQ..*_ga*ODgwODMwMTUzLjE3NjM0NjMyNTc.*_ga_EHWPJCEX93*czE3NjM0NjMyNTckbzEkZzAkdDE3NjM0NjMyNTckajYwJGwwJGgw
Lower back ;Rollover Into V-Sits;Bodyweight;Pull;Beginner;https://www.muscleandstrength.com/exercises/rollover-into-v-sits?_gl=1*ski4lo*_up*MQ..*_ga*MTE2NjgwNTQ3Mi4xNzYzNDYzMjc4*_ga_EHWPJCEX93*czE3NjM0NjMyNzgkbzEkZzAkdDE3NjM0NjMyNzgkajYwJGwwJGgw
Traps ;Dumbbell Shrug ;Dumbbell ;Pull;Beginner;https://www.muscleandstrength.com/exercises/dumbbell-shrugs.html?_gl=1*1a6ms5q*_up*MQ..*_ga*MTAyODc0MjI1MC4xNzYzNDU5MTM0*_ga_EHWPJCEX93*czE3NjM0NjE1MTIkbzIkZzAkdDE3NjM0NjE1MTIkajYwJGwwJGgw
Traps ;Barbell Upright Row ;Barbell ;Pull;Beginner;https://www.muscleandstrength.com/exercises/upright-row.html?_gl=1*1j5apq5*_up*MQ..*_ga*MTAyODc0MjI1MC4xNzYzNDU5MTM0*_ga_EHWPJCEX93*czE3NjM0NjE1MTIkbzIkZzAkdDE3NjM0NjE1MTIkajYwJGwwJGgw
Traps ;High Pull ;Barbell ;Pull;Intermediate ;https://www.muscleandstrength.com/exercises/high-pull?_gl=1*mc321f*_up*MQ..*_ga*MTAyODc0MjI1MC4xNzYzNDU5MTM0*_ga_EHWPJCEX93*czE3NjM0NjE1MTIkbzIkZzAkdDE3NjM0NjE1MTIkajYwJGwwJGgw
Traps ;Inverted Shrug ;Barbell ;Pull;Intermediate ;https://www.muscleandstrength.com/exercises/inverted-shrug?_gl=1*t9eejx*_up*MQ..*_ga*MTAyODc0MjI1MC4xNzYzNDU5MTM0*_ga_EHWPJCEX93*czE3NjM0NjE1MTIkbzIkZzAkdDE3NjM0NjE1MTIkajYwJGwwJGgw
Traps ;Trap Bar Shrug ;Trap Bar ;Pull ;Beginner;https://www.muscleandstrength.com/exercises/trap-bar-shrug?_gl=1*1yz2kcj*_up*MQ..*_ga*MTAyODc0MjI1MC4xNzYzNDU5MTM0*_ga_EHWPJCEX93*czE3NjM0NjE1MTIkbzIkZzAkdDE3NjM0NjE1MTIkajYwJGwwJGgw
Traps ;One-Arm Dumbbell Upright Row ;Dumbbell ;Pull;Beginner;https://www.muscleandstrength.com/exercises/one-arm-dumbbell-upright-row.html?_gl=1*f31xic*_up*MQ..*_ga*MTAyODc0MjI1MC4xNzYzNDU5MTM0*_ga_EHWPJCEX93*czE3NjM0NjE1MTIkbzIkZzAkdDE3NjM0NjE1MTIkajYwJGwwJGgw
 Forearms ;Reverse Grip Cable Curl;Cable;Pull;Beginner;https://www.muscleandstrength.com/exercises/reverse-cable-curl.html?_gl=1*1wgv91y*_up*MQ..*_ga*MzExMzg2OTIyLjE3NjM0NjMzNDg.*_ga_EHWPJCEX93*czE3NjM0NjMzNDgkbzEkZzEkdDE3NjM0NjMzNTUkajUzJGwwJGgw
 Forearms ;Dumbbell Wrist Curl;Dumbbell;Pull;Beginner;https://www.muscleandstrength.com/exercises/dumbbell-wrist-curl-over-bench.html?_gl=1*15bw0bd*_up*MQ..*_ga*MzExMzg2OTIyLjE3NjM0NjMzNDg.*_ga_EHWPJCEX93*czE3NjM0NjMzNDgkbzEkZzEkdDE3NjM0NjM0MDAkajgkbDAkaDA.
 Forearms ;Reverse Grip Dumbbell Wrist Curl;Dumbbell;Pull;Beginner;https://www.muscleandstrength.com/exercises/reverse-dumbbell-wrist-curl-over-bench.html?_gl=1*1nnr4ma*_up*MQ..*_ga*MzExMzg2OTIyLjE3NjM0NjMzNDg.*_ga_EHWPJCEX93*czE3NjM0NjMzNDgkbzEkZzEkdDE3NjM0NjM0MzAkajYwJGwwJGgw
 Forearms ;Behind-The-Back Cable Wrist Curl;Cable;Pull;Beginner;https://www.muscleandstrength.com/exercises/standing-cable-wrist-curl-(behind-back).html?_gl=1*1rdcv9o*_up*MQ..*_ga*MzExMzg2OTIyLjE3NjM0NjMzNDg.*_ga_EHWPJCEX93*czE3NjM0NjMzNDgkbzEkZzEkdDE3NjM0NjM0NTUkajYwJGwwJGgw
 Forearms ;Seated Barbell Wrist Curl;Barbell;Pull;Beginner;https://www.muscleandstrength.com/exercises/barbell-wrist-curl.html?_gl=1*ix6b9x*_up*MQ..*_ga*MTkzNjc2MjQzNC4xNzYzNDYzNDk0*_ga_EHWPJCEX93*czE3NjM0NjM0OTMkbzEkZzAkdDE3NjM0NjM0OTMkajYwJGwwJGgw
Abs;Lying Floor Leg Raise;Bodyweight;Abs;Beginner;https://www.muscleandstrength.com/exercises/lying-floor-leg-raise.html?_gl=1*bhcb86*_up*MQ..*_ga*MTAxNzcyNTI5NC4xNzYzNDYzNTkx*_ga_EHWPJCEX93*czE3NjM0NjM1OTEkbzEkZzEkdDE3NjM0NjM1OTMkajU4JGwwJGgw
Abs;Cable Crunch;Cable;Abs;Beginner;https://www.muscleandstrength.com/exercises/cable-crunch.html?_gl=1*1paeyq2*_up*MQ..*_ga*MTAxNzcyNTI5NC4xNzYzNDYzNTkx*_ga_EHWPJCEX93*czE3NjM0NjM1OTEkbzEkZzEkdDE3NjM0NjM2NDQkajckbDAkaDA.
Abs;Weighted Crunch;Weight plate ;Abs;Intermediate;https://www.muscleandstrength.com/exercises/weighted-crunch.html?_gl=1*1bkxvxn*_up*MQ..*_ga*MTAxNzcyNTI5NC4xNzYzNDYzNTkx*_ga_EHWPJCEX93*czE3NjM0NjM1OTEkbzEkZzEkdDE3NjM0NjM2NjkkajYwJGwwJGgw
Abs;Hanging Leg Raise;Bodyweight;Abs;Advanced;https://www.muscleandstrength.com/exercises/hanging-leg-raise.html?_gl=1*70etge*_up*MQ..*_ga*MTAxNzcyNTI5NC4xNzYzNDYzNTkx*_ga_EHWPJCEX93*czE3NjM0NjM1OTEkbzEkZzEkdDE3NjM0NjM3MDQkajYwJGwwJGgw
Abs;Sit Up;Bodyweight;Abs;Beginner;https://www.muscleandstrength.com/exercises/sit-up.html?_gl=1*petyi0*_up*MQ..*_ga*MTY0MzM4Njk1MC4xNzYzNDYzNzMz*_ga_EHWPJCEX93*czE3NjM0NjM3MzIkbzEkZzAkdDE3NjM0NjM3MzIkajYwJGwwJGgw
Abs;Hanging Knee Raise;Bodyweight;Abs;Intermediate;https://www.muscleandstrength.com/exercises/hanging-knee-raise.html?_gl=1*x30bva*_up*MQ..*_ga*MTA4MDY3MTE0My4xNzYzNDYzNzY0*_ga_EHWPJCEX93*czE3NjM0NjM3NjMkbzEkZzAkdDE3NjM0NjM3NjMkajYwJGwwJGgw
Abs;Decline Bench Sit Up ;Bodyweight;Abs;Beginner;https://www.muscleandstrength.com/exercises/decline-situp.html?_gl=1*1wgkmm1*_up*MQ..*_ga*MjM1Mzc4MDU4LjE3NjM0NjM3ODQ.*_ga_EHWPJCEX93*czE3NjM0NjM3ODQkbzEkZzAkdDE3NjM0NjM3ODQkajYwJGwwJGgw
Abs;Russian Twist;Bodyweight;Abs;Beginner;https://www.muscleandstrength.com/exercises/russian-twist.html?_gl=1*1c7wo1i*_up*MQ..*_ga*MTE0MDk5NTQwMS4xNzYzNDYzODA3*_ga_EHWPJCEX93*czE3NjM0NjM4MDckbzEkZzAkdDE3NjM0NjM4MDckajYwJGwwJGgw
Shoulders ;Dumbbell Lateral Raise;Dumbbell;Push ;Beginner;https://www.muscleandstrength.com/exercises/dumbbell-lateral-raise.html?_gl=1*2d1r60*_up*MQ..*_ga*MjYzNzIxMTU1LjE3NjM0NjM4NzY.*_ga_EHWPJCEX93*czE3NjM0NjM4NzUkbzEkZzEkdDE3NjM0NjM4NzkkajU2JGwwJGgw
Shoulders ;Military Press (AKA Overhead Press);Barbell;Push ;Intermediate;https://www.muscleandstrength.com/exercises/military-press.html?_gl=1*xh8290*_up*MQ..*_ga*MjYzNzIxMTU1LjE3NjM0NjM4NzY.*_ga_EHWPJCEX93*czE3NjM0NjM4NzUkbzEkZzEkdDE3NjM0NjM5MjkkajYkbDAkaDA.
Shoulders ;Seated Dumbbell Press;Dumbbell;Push ;Beginner;https://www.muscleandstrength.com/exercises/seated-dumbbell-press.html?_gl=1*188wiga*_up*MQ..*_ga*MjYzNzIxMTU1LjE3NjM0NjM4NzY.*_ga_EHWPJCEX93*czE3NjM0NjM4NzUkbzEkZzEkdDE3NjM0NjM5NjIkajYwJGwwJGgw
Shoulders ;Bent Over Dumbbell Reverse ;Dumbbell;Pull;Beginner;https://www.muscleandstrength.com/exercises/bent-over-dumbbell-reverse-fly.html?_gl=1*muktag*_up*MQ..*_ga*MjYzNzIxMTU1LjE3NjM0NjM4NzY.*_ga_EHWPJCEX93*czE3NjM0NjM4NzUkbzEkZzEkdDE3NjM0NjM5ODgkajYwJGwwJGgw
Shoulders ;Seated Dumbbell Lateral Raise;Dumbbell;Push ;Beginner;https://www.muscleandstrength.com/exercises/seated-dumbbell-lateral-raise.html?_gl=1*8mt0kr*_up*MQ..*_ga*MjYzNzIxMTU1LjE3NjM0NjM4NzY.*_ga_EHWPJCEX93*czE3NjM0NjM4NzUkbzEkZzEkdDE3NjM0NjQwMTAkajYwJGwwJGgw
Shoulders ;Cable Face Pull;Cable;Pull ;Beginner;https://www.muscleandstrength.com/exercises/cable-face-pull?_gl=1*1t4gc49*_up*MQ..*_ga*NzMyNzE0NzM0LjE3NjM0NjQwMzM.*_ga_EHWPJCEX93*czE3NjM0NjQwMzIkbzEkZzAkdDE3NjM0NjQwMzIkajYwJGwwJGgw
Quads ;Barbell Back Squat;Barbell;Legs;Intermediate;https://www.muscleandstrength.com/exercises/squat.html?_gl=1*nex7ib*_up*MQ..*_ga*MzIyNTEyNDcwLjE3NjM0NjQxNDU.*_ga_EHWPJCEX93*czE3NjM0NjQxNDUkbzEkZzEkdDE3NjM0NjQxNDckajU4JGwwJGgw
Quads ;Dumbbell Goblet Squat;Dumbell ;Legs;Beginner;https://www.muscleandstrength.com/exercises/dumbbell-goblet-squat?_gl=1*fr2klh*_up*MQ..*_ga*MzIyNTEyNDcwLjE3NjM0NjQxNDU.*_ga_EHWPJCEX93*czE3NjM0NjQxNDUkbzEkZzEkdDE3NjM0NjQzMDkkajYwJGwwJGgw
Quads ;Leg Extension;Machine;Legs;Beginner;https://www.muscleandstrength.com/exercises/leg-extension.html?_gl=1*zh045i*_up*MQ..*_ga*Mzk2MjIzNzY4LjE3NjM0NjQzNDM.*_ga_EHWPJCEX93*czE3NjM0NjQzNDMkbzEkZzAkdDE3NjM0NjQzNDMkajYwJGwwJGgw
Quads ;Leg Press;Machine;Legs;Beginner;https://www.muscleandstrength.com/exercises/45-degree-leg-press.html?_gl=1*3pfuxk*_up*MQ..*_ga*MTY4OTA3NTk4LjE3NjM0NjQzNjc.*_ga_EHWPJCEX93*czE3NjM0NjQzNjYkbzEkZzAkdDE3NjM0NjQzNjYkajYwJGwwJGgw
Quads ;One Leg Dumbbell Squat (AKA Dumbbell Bulgarian Split Squat);Dumbbell;Legs;Intermediate;https://www.muscleandstrength.com/exercises/one-leg-dumbbell-squat-aka-bulgarian-squat.html?_gl=1*end71f*_up*MQ..*_ga*MjEwMDI4NDg4MS4xNzYzNDY0Mzk0*_ga_EHWPJCEX93*czE3NjM0NjQzOTMkbzEkZzAkdDE3NjM0NjQzOTMkajYwJGwwJGgw
Quads ;Dumbbell Lunge;Dumbbell;Legs;Beginner;https://www.muscleandstrength.com/exercises/dumbbell-lunge.html?_gl=1*1xgvrys*_up*MQ..*_ga*ODM3NDI4NzM3LjE3NjM0NjQ0MjM.*_ga_EHWPJCEX93*czE3NjM0NjQ0MjMkbzEkZzAkdDE3NjM0NjQ0MjMkajYwJGwwJGgw
Hamstrings ;Dumbbell Stiff Leg Deadlift ;Dumbbell;Legs;Beginner;https://www.muscleandstrength.com/exercises/dumbbell-stiff-leg-deadlift.html?_gl=1*1tiiv2d*_up*MQ..*_ga*MTAyODc0MjI1MC4xNzYzNDU5MTM0*_ga_EHWPJCEX93*czE3NjM0NjQwMDAkbzIkZzAkdDE3NjM0NjQwMDAkajYwJGwwJGgw
Hamstrings ;Deadlift ;Barbell;Legs;Intermediate;https://www.muscleandstrength.com/exercises/deadlifts.html?_gl=1*1tiiv2d*_up*MQ..*_ga*MTAyODc0MjI1MC4xNzYzNDU5MTM0*_ga_EHWPJCEX93*czE3NjM0NjQwMDAkbzIkZzAkdDE3NjM0NjQwMDAkajYwJGwwJGgw
Hamstrings ;Romanian Deadlift ;Barbell;Legs;Beginner;https://www.muscleandstrength.com/exercises/romanian-deadlift?_gl=1*1n4eqd7*_up*MQ..*_ga*MTAyODc0MjI1MC4xNzYzNDU5MTM0*_ga_EHWPJCEX93*czE3NjM0NjQwMDAkbzIkZzAkdDE3NjM0NjQwMDAkajYwJGwwJGgw
Hamstrings ;Dumbbell Hamstring Curl;Dumbbell ;Legs;Intermediate;https://www.muscleandstrength.com/exercises/dumbbell-hamstring-curl.html?_gl=1*irvqs5*_up*MQ..*_ga*MTAyODc0MjI1MC4xNzYzNDU5MTM0*_ga_EHWPJCEX93*czE3NjM0NjQwMDAkbzIkZzAkdDE3NjM0NjQwMDAkajYwJGwwJGgw
Hamstrings ;Landmine Romanian Deadlift ;Landmine ;Legs;Intermediate;https://www.muscleandstrength.com/exercises/landmine-romanian-deadlift?_gl=1*12csu9e*_up*MQ..*_ga*MTAyODc0MjI1MC4xNzYzNDU5MTM0*_ga_EHWPJCEX93*czE3NjM0NjQwMDAkbzIkZzAkdDE3NjM0NjQwMDAkajYwJGwwJGgw
Hamstrings ;Standing Cable Hamstring Curl;Cable ;Legs ;Beginner ;https://www.muscleandstrength.com/exercises/standing-cable-hamstring-curl.html?_gl=1*ygi6un*_up*MQ..*_ga*MTAyODc0MjI1MC4xNzYzNDU5MTM0*_ga_EHWPJCEX93*czE3NjM0NjQwMDAkbzIkZzAkdDE3NjM0NjQwMDAkajYwJGwwJGgw
Calves ;Seated Dumbbell Calf Raise;Dumbbell;Legs ;Beginner;https://www.muscleandstrength.com/exercises/seated-dumbbell-calf-raise.html?_gl=1*rh803f*_up*MQ..*_ga*MTAyODc0MjI1MC4xNzYzNDU5MTM0*_ga_EHWPJCEX93*czE3NjM0NjQ0MTUkbzIkZzAkdDE3NjM0NjQ0MTUkajYwJGwwJGgw
Calves ;Bodyweight Standing Calf Raise;Bodyweight ;Legs ;Beginner;https://www.muscleandstrength.com/exercises/bodyweight-standing-calf-raise.html?_gl=1*rh803f*_up*MQ..*_ga*MTAyODc0MjI1MC4xNzYzNDU5MTM0*_ga_EHWPJCEX93*czE3NjM0NjQ0MTUkbzIkZzAkdDE3NjM0NjQ0MTUkajYwJGwwJGgw
Calves ;45 Degree Leg Press Calf Raise;Machine;Legs ;Beginner ;https://www.muscleandstrength.com/exercises/45-degress-calf-press.html?_gl=1*1w6cvdh*_up*MQ..*_ga*MTAyODc0MjI1MC4xNzYzNDU5MTM0*_ga_EHWPJCEX93*czE3NjM0NjQ0MTUkbzIkZzAkdDE3NjM0NjQ0MTUkajYwJGwwJGgw
Calves ;Standing Barbell Calf Raise ;Barbell ;Legs ;Beginner ;https://www.muscleandstrength.com/exercises/standing-calf-raise.html?_gl=1*1w6cvdh*_up*MQ..*_ga*MTAyODc0MjI1MC4xNzYzNDU5MTM0*_ga_EHWPJCEX93*czE3NjM0NjQ0MTUkbzIkZzAkdDE3NjM0NjQ0MTUkajYwJGwwJGgw
Glutes;Hyperextension;Bodyweight;Legs;Beginner;https://www.muscleandstrength.com/exercises/hyperextension.html?_gl=1*1g39tdh*_up*MQ..*_ga*MjgzNTkyMzE2LjE3NjM0NjQ0NjU.*_ga_EHWPJCEX93*czE3NjM0NjQ0NjUkbzEkZzEkdDE3NjM0NjQ0NzMkajUyJGwwJGgw
Glutes;Barbell Hip Thrust;Barbell;Legs;Intermediate;https://www.muscleandstrength.com/exercises/barbell-hip-thrust?_gl=1*18ldt6y*_up*MQ..*_ga*MjgzNTkyMzE2LjE3NjM0NjQ0NjU.*_ga_EHWPJCEX93*czE3NjM0NjQ0NjUkbzEkZzEkdDE3NjM0NjQ1MjIkajMkbDAkaDA.
Glutes;Good Mornings;Barbell;Legs;Intermediate;https://www.muscleandstrength.com/exercises/good-mornings.html?_gl=1*oulqcg*_up*MQ..*_ga*MjgzNTkyMzE2LjE3NjM0NjQ0NjU.*_ga_EHWPJCEX93*czE3NjM0NjQ0NjUkbzEkZzEkdDE3NjM0NjQ1NDMkajYwJGwwJGgw
Glutes;Glute Kick Back;Bodyweight ;Legs;Beginner;https://www.muscleandstrength.com/exercises/glute-kick-back.html?_gl=1*2loa02*_up*MQ..*_ga*MjgzNTkyMzE2LjE3NjM0NjQ0NjU.*_ga_EHWPJCEX93*czE3NjM0NjQ0NjUkbzEkZzEkdDE3NjM0NjQ1NjUkajYwJGwwJGgw
Adductor ;Hip Adduction Machine ;Machine ;Legs ;Beginner ;https://www.muscleandstrength.com/exercises/hip-adduction-machine.html?_gl=1*3i9e0e*_up*MQ..*_ga*MTAyODc0MjI1MC4xNzYzNDU5MTM0*_ga_EHWPJCEX93*czE3NjM0NjQ1ODIkbzIkZzAkdDE3NjM0NjQ1ODIkajYwJGwwJGgw
Adductor ;Deep Squat Prying ;Kettle Bells;Legs ;Beginner ;https://www.muscleandstrength.com/exercises/deep-squat-prying?_gl=1*3i9e0e*_up*MQ..*_ga*MTAyODc0MjI1MC4xNzYzNDU5MTM0*_ga_EHWPJCEX93*czE3NjM0NjQ1ODIkbzIkZzAkdDE3NjM0NjQ1ODIkajYwJGwwJGgw
Adductor ;Cable Hip Adduction;Cable ;Legs ;Beginner ;https://www.muscleandstrength.com/exercises/cable-hip-adduction.html?_gl=1*ew08b4*_up*MQ..*_ga*MTAyODc0MjI1MC4xNzYzNDU5MTM0*_ga_EHWPJCEX93*czE3NjM0NjQ1ODIkbzIkZzAkdDE3NjM0NjQ1ODIkajYwJGwwJGgw
Abductor;Hip Abduction Machine ;Machine ;Legs ;Beginner;https://www.muscleandstrength.com/exercises/hip-abduction-machine.html?_gl=1*1hx9h24*_up*MQ..*_ga*MTAyODc0MjI1MC4xNzYzNDU5MTM0*_ga_EHWPJCEX93*czE3NjM0NjQ3NjckbzIkZzAkdDE3NjM0NjQ3NjckajYwJGwwJGgw
Abductor;Cable Hip Abduction;Cable ;Legs ;Beginner ;https://www.muscleandstrength.com/exercises/cable-hip-abduction.html?_gl=1*1hx9h24*_up*MQ..*_ga*MTAyODc0MjI1MC4xNzYzNDU5MTM0*_ga_EHWPJCEX93*czE3NjM0NjQ3NjckbzIkZzAkdDE3NjM0NjQ3NjckajYwJGwwJGgw
Cardio ;Cycling Machine;Machine;Cardio;Beginner;https://www.youtube.com/watch?v=NwwDBARCGgo
Cardio ;Treadmill;Machine;Cardio;Beginner;https://www.youtube.com/watch?v=HxsFneJFM2c
Cardio ;Rowing Machine ;Machine;Cardio;Intermediate ;https://www.youtube.com/watch?v=6_eLpWiNijE
Cardio ;Assault Air Bike ;Machine;Cardio;Intermediate ;https://www.youtube.com/shorts/1K2GIpSd8ws
Cardio ;Crosstrainer ;Machine;Cardio;Beginner;https://www.youtube.com/watch?v=yISC2qwdh9I
Cardio ;Stairmaster ;Machine;Cardio;Beginner;https://www.youtube.com/shorts/k8iktBIyk8I
Cardio ;Ski-Ergometer ;Machine;Cardio;Intermediate ;https://www.youtube.com/shorts/3Qfhi3WXjbA